{"cameraMode":{"drawMode":0,"name":"Shaded","section":"Shading Mode"},"sceneLighting":true,"audioPlay":false,"sceneViewState":{"m_AlwaysRefresh":false,"showFog":true,"showSkybox":true,"showFlares":true,"showImageEffects":true,"showParticleSystems":true,"showVisualEffectGraphs":true,"m_FxEnabled":true},"in2DMode":false,"pivot":{"x":329.12945556640627,"y":441.64276123046877,"z":-91.87631225585938},"rotation":{"x":0.019498201087117196,"y":-0.008998301811516285,"z":0.0001778626028681174,"w":0.9997735619544983},"size":0.8660253882408142,"orthographic":false}